category,ingredients
Pantry Essentials,butter
Pantry Essentials,egg
Pantry Essentials,garlic
Pantry Essentials,milk
Pantry Essentials,onion
Pantry Essentials,sugar
Pantry Essentials,flour
Pantry Essentials,olive oil
Pantry Essentials,garlic powder
Pantry Essentials,rice
Pantry Essentials,cinnamon
Pantry Essentials,ketchup
Pantry Essentials,soy sauce
Pantry Essentials,mayonnaise
Pantry Essentials,vegetable oil
Pantry Essentials,bread
Pantry Essentials,baking powder
Pantry Essentials,brown sugar
Pantry Essentials,oregano
Pantry Essentials,potato
Pantry Essentials,honey
Pantry Essentials,paprika
Pantry Essentials,baking soda
Pantry Essentials,vanilla
Pantry Essentials,spaghetti
Pantry Essentials,peanut butter
Pantry Essentials,chili powder
Pantry Essentials,cumin
Pantry Essentials,mustard
Pantry Essentials,chicken breast
Pantry Essentials,cheddar
Pantry Essentials,onion powder
Pantry Essentials,carrot
Pantry Essentials,tomato
Pantry Essentials,basil
Pantry Essentials,parsley
Pantry Essentials,parmesan
Pantry Essentials,italian seasoning
Pantry Essentials,thyme
Pantry Essentials,bell pepper
Vegetables & Greens,garlic
Vegetables & Greens,onion
Vegetables & Greens,bell pepper
Vegetables & Greens,carrot
Vegetables & Greens,scallion
Vegetables & Greens,tomato
Vegetables & Greens,potato
Vegetables & Greens,red onion
Vegetables & Greens,celery
Vegetables & Greens,jalapeno
Vegetables & Greens,avocado
Vegetables & Greens,zucchini
Vegetables & Greens,shallot
Vegetables & Greens,cherry tomato
Vegetables & Greens,cucumber
Vegetables & Greens,sweet corn
Vegetables & Greens,spinach
Vegetables & Greens,chile pepper
Vegetables & Greens,sweet potato
Vegetables & Greens,broccoli
Vegetables & Greens,pumpkin
Vegetables & Greens,baby greens
Vegetables & Greens,cauliflower
Vegetables & Greens,cabbage
Vegetables & Greens,asparagus
Vegetables & Greens,kale
Vegetables & Greens,arugula
Vegetables & Greens,leek
Vegetables & Greens,eggplant
Vegetables & Greens,lettuce
Vegetables & Greens,sweet onion
Vegetables & Greens,butternut squash
Vegetables & Greens,romaine
Vegetables & Greens,beetroot
Vegetables & Greens,artichoke
Vegetables & Greens,brussels sprout
Vegetables & Greens,fennel
Vegetables & Greens,sun dried tomato
Vegetables & Greens,radish
Vegetables & Greens,red cabbage
Vegetables & Greens,summer squash
Vegetables & Greens,mixed greens
Vegetables & Greens,parsnip
Vegetables & Greens,new potato
Vegetables & Greens,poblano pepper
Vegetables & Greens,mixed vegetable
Vegetables & Greens,serrano pepper
Vegetables & Greens,sweet pepper
Vegetables & Greens,watercress
Vegetables & Greens,iceberg
Vegetables & Greens,green tomato
Vegetables & Greens,mashed potatoes
Vegetables & Greens,horseradish
Vegetables & Greens,chard
Vegetables & Greens,pimiento
Vegetables & Greens,butter lettuce
Vegetables & Greens,spaghetti squash
Vegetables & Greens,celeriac
Vegetables & Greens,hash browns
Vegetables & Greens,water chestnut
Vegetables & Greens,napa cabbage
Vegetables & Greens,turnip
Vegetables & Greens,bok choy
Vegetables & Greens,okra
Vegetables & Greens,thai chile pepper
Vegetables & Greens,radicchio
Vegetables & Greens,acorn squash
Vegetables & Greens,corn cob
Vegetables & Greens,pearl onion
Vegetables & Greens,plantain
Vegetables & Greens,tenderstem broccoli
Vegetables & Greens,baby bok choy
Vegetables & Greens,leaf lettuce
Vegetables & Greens,endive
Vegetables & Greens,pepperoncini
Vegetables & Greens,jicama
Vegetables & Greens,habanero pepper
Vegetables & Greens,corn husk
Vegetables & Greens,collard greens
Vegetables & Greens,french-fried onions
Vegetables & Greens,baby corn
Vegetables & Greens,daikon
Vegetables & Greens,belgian endive
Vegetables & Greens,broccoli rabe
Vegetables & Greens,rutabaga
Vegetables & Greens,boston lettuce
Vegetables & Greens,ancho chile peppers
Vegetables & Greens,yam
Vegetables & Greens,fresno chile
Vegetables & Greens,microgreens
Vegetables & Greens,kohlrabi
Vegetables & Greens,guajillo pepper
Vegetables & Greens,frisee
Vegetables & Greens,delicata squash
Vegetables & Greens,cress
Vegetables & Greens,anaheim pepper
Vegetables & Greens,broccoli slaw
Vegetables & Greens,golden beet
Vegetables & Greens,pea shoots
Vegetables & Greens,gem lettuce
Mushrooms,mushroom
Mushrooms,shiitake mushroom
Mushrooms,portobello mushroom
Mushrooms,porcini
Mushrooms,wild mushroom
Mushrooms,oyster mushroom
Mushrooms,mixed mushrooms
Mushrooms,chestnut mushroom
Mushrooms,enoki mushroom
Mushrooms,black fungus
Mushrooms,black truffle
Mushrooms,morel mushrooms
Mushrooms,field mushroom
Mushrooms,shimeji mushroom
Mushrooms,straw mushroom
Mushrooms,dried chinese mushroom
Mushrooms,maitake
Mushrooms,white truffle
Mushrooms,trumpet mushroom
Mushrooms,white fungus
Mushrooms,pioppini
Mushrooms,snow fungus
Mushrooms,boletus
Mushrooms,huitlacoche
Mushrooms,matsutake
Mushrooms,nameko
Mushrooms,djon djon mushroom
Mushrooms,puffball
Mushrooms,honey fungus
Mushrooms,caesar's mushroom
Mushrooms,candy cap mushrooms
Fruits,lemon
Fruits,lime
Fruits,apple
Fruits,orange
Fruits,banana
Fruits,raisins
Fruits,pineapple
Fruits,mango
Fruits,peach
Fruits,coconut
Fruits,craisins
Fruits,pear
Fruits,date
Fruits,watermelon
Fruits,pomegranate
Fruits,grape
Fruits,rhubarb
Fruits,medjool date
Fruits,dried apricot
Fruits,kiwi
Fruits,grapefruit
Fruits,plum
Fruits,fig
Fruits,mandarin
Fruits,apricot
Fruits,currant
Fruits,prunes
Fruits,sultanas
Fruits,cantaloupe
Fruits,papaya
Fruits,passion fruit
Fruits,tamarind
Fruits,nectarine
Fruits,dried fig
Fruits,chestnut
Fruits,meyer lemon
Fruits,honeydew melon
Fruits,clementine
Fruits,dried fruit
Fruits,persimmon
Fruits,melon
Fruits,tangerine
Fruits,dried mango
Fruits,apple chips
Fruits,quince
Fruits,jackfruit
Fruits,guava
Fruits,kumquat
Fruits,banana chips
Fruits,dragon fruit
Fruits,mixed fruit
Fruits,asian pear
Fruits,lychee
Fruits,kaffir lime
Fruits,star fruit
Fruits,bitter melon
Fruits,tender coconut
Fruits,pomelo
Fruits,prickly pear
Fruits,chestnut puree
Fruits,yuzu
Fruits,granadilla
Fruits,calamansi
Fruits,mixed peel
Fruits,kokum
Fruits,dried lime
Fruits,tangelo
Fruits,sweet lime
Fruits,durian
Fruits,dried lemon
Fruits,young jackfruit
Fruits,custard-apple
Fruits,dried tamarind
Fruits,physalis
Fruits,honey date
Fruits,ice-apple
Fruits,tamarillo
Fruits,finger lime
Fruits,jujube
Fruits,longan
Fruits,bitter orange
Fruits,feijoa
Fruits,dried persimmons
Fruits,rambutan
Fruits,rose apple
Fruits,dried orange slice
Fruits,fig leaves
Fruits,loquat
Fruits,crabapple
Fruits,freeze-dried pineapple
Fruits,soursop
Fruits,pluot
Fruits,hog plum
Fruits,luo han guo
Fruits,bergamot orange
Fruits,mamey
Fruits,sapote
Fruits,aloo bukhara
Fruits,kiwano
Fruits,seagrape
Berries,strawberry
Berries,blueberry
Berries,raspberry
Berries,cranberry
Berries,cherry
Berries,blackberry
Berries,berry mix
Berries,maraschino cherry
Berries,dried tart cherry
Berries,juniper berry
Berries,sour cherry
Berries,dried blueberries
Berries,goji berry
Berries,freeze-dried strawberry
Berries,gooseberry
Berries,lingonberry
Berries,canned sour cherry
Berries,elderberry
Berries,mulberry
Berries,acai berry
Berries,amla
Berries,canned cherry
Berries,huckleberry
Berries,barberry
Berries,dried berries
Berries,saskatoon berry
Berries,sea buckthorn
Berries,hawthorn
Berries,rosehip
Berries,boysenberry
Berries,cloudberry
Berries,freeze-dried berries
Berries,aronia berry
Berries,chokeberry
Berries,loganberry
Berries,blackcurrant leaves
Berries,haskap berry
Berries,dewberry
Berries,sloe berry
Berries,oregon grape
Nuts & Seeds,walnut
Nuts & Seeds,pecan
Nuts & Seeds,almond
Nuts & Seeds,sesame seed
Nuts & Seeds,cashew
Nuts & Seeds,peanut
Nuts & Seeds,pine nut
Nuts & Seeds,pistachio
Nuts & Seeds,chia
Nuts & Seeds,flax
Nuts & Seeds,slivered almonds
Nuts & Seeds,pumpkin seeds
Nuts & Seeds,hazelnut
Nuts & Seeds,poppy seed
Nuts & Seeds,sunflower seeds
Nuts & Seeds,macadamia
Nuts & Seeds,chopped nuts
Nuts & Seeds,hemp hearts
Nuts & Seeds,nigella seeds
Nuts & Seeds,mixed nuts
Nuts & Seeds,brazil nut
Nuts & Seeds,mixed seeds
Nuts & Seeds,onion seed
Nuts & Seeds,melon seeds
Nuts & Seeds,white chia
Nuts & Seeds,lotus seeds
Nuts & Seeds,trail mix
Nuts & Seeds,basil seeds
Nuts & Seeds,candlenut
Nuts & Seeds,peanut brittle
Nuts & Seeds,honey-roasted almond
Nuts & Seeds,tigernuts
Nuts & Seeds,sunflower sprouts
Nuts & Seeds,apricot kernels
Nuts & Seeds,palm seeds
Nuts & Seeds,keto trail mix
Nuts & Seeds,barùkas
Nuts & Seeds,indian almond
Cheeses,parmesan
Cheeses,cream cheese
Cheeses,cheddar
Cheeses,mozzarella
Cheeses,feta
Cheeses,ricotta
Cheeses,sharp cheddar
Cheeses,monterey jack
Cheeses,blue cheese
Cheeses,goat cheese
Cheeses,fresh mozzarella
Cheeses,swiss cheese
Cheeses,pecorino
Cheeses,gruyere
Cheeses,mascarpone
Cheeses,cottage cheese
Cheeses,american cheese
Cheeses,provolone
Cheeses,mexican cheese blend
Cheeses,pepper jack
Cheeses,brie
Cheeses,paneer
Cheeses,fontina
Cheeses,queso fresco
Cheeses,quark
Cheeses,gouda
Cheeses,cotija
Cheeses,asiago
Cheeses,smoked cheese
Cheeses,halloumi
Cheeses,chevre
Cheeses,manchego
Cheeses,italian cheese blend
Cheeses,neufchatel
Cheeses,burrata
Cheeses,havarti
Cheeses,colby
Cheeses,herb cream cheese
Cheeses,grana-padano
Cheeses,muenster
Cheeses,camembert
Cheeses,string cheese
Cheeses,soft cheese
Cheeses,aged cheddar
Cheeses,stilton
Cheeses,raclette
Cheeses,cheddar-jack cheese
Cheeses,colby-jack cheese
Cheeses,jarlsberg cheese
Cheeses,taleggio
Cheeses,oaxaca
Cheeses,labneh
Cheeses,edam
Cheeses,fromage blanc
Cheeses,asadero
Cheeses,creamy cheese wedge
Cheeses,marble cheese
Cheeses,leicester
Cheeses,graviera
Cheeses,cheddar cheese powder
Cheeses,mizithra
Cheeses,kefalotyri
Cheeses,lancashire
Cheeses,kasseri
Cheeses,babybel
Cheeses,longhorn
Cheeses,panela cheese
Cheeses,comté
Cheeses,cheese powder
Cheeses,wensleydale
Cheeses,scamorza
Cheeses,amul cheese
Cheeses,cambozola
Cheeses,cheshire cheese
Cheeses,hard goat cheese
Cheeses,anthotyro
Cheeses,sheep cheese
Cheeses,kashkaval
Cheeses,reblochon
Cheeses,brick cheese
Cheeses,quick-melt cheese
Cheeses,robiola
Cheeses,farmer's cheese
Cheeses,manouri
Cheeses,mimolette
Cheeses,queso quesadilla
Cheeses,caciocavallo
Cheeses,requeijão
Cheeses,vacherin
Cheeses,brown cheese
Cheeses,gloucester
Cheeses,port salut
Cheeses,derby cheese
Cheeses,fontal
Cheeses,truffle cheese
Cheeses,epoisses cheese
Cheeses,maasdam
Cheeses,petit-suisse
Cheeses,sbrinz
Cheeses,teleme
Dairy & Eggs,butter
Dairy & Eggs,egg
Dairy & Eggs,milk
Dairy & Eggs,heavy cream
Dairy & Eggs,sour cream
Dairy & Eggs,yogurt
Dairy & Eggs,buttermilk
Dairy & Eggs,greek yogurt
Dairy & Eggs,cream
Dairy & Eggs,whipped cream
Dairy & Eggs,ghee
Dairy & Eggs,half and half
Dairy & Eggs,sweetened condensed milk
Dairy & Eggs,ice cream
Dairy & Eggs,margarine
Dairy & Eggs,evaporated milk
Dairy & Eggs,creme fraiche
Dairy & Eggs,condensed milk
Dairy & Eggs,frosting
Dairy & Eggs,milk powder
Dairy & Eggs,curd
Dairy & Eggs,thickened cream
Dairy & Eggs,lemon curd
Dairy & Eggs,custard
Dairy & Eggs,dulce de leche
Dairy & Eggs,chocolate frosting
Dairy & Eggs,kefir
Dairy & Eggs,chocolate milk
Dairy & Eggs,sherbet
Dairy & Eggs,hung curd
Dairy & Eggs,quail egg
Dairy & Eggs,whey
Dairy & Eggs,buttermilk powder
Dairy & Eggs,frozen yogurt
Dairy & Eggs,milk cream
Dairy & Eggs,khoya
Dairy & Eggs,clotted cream
Dairy & Eggs,sour milk
Dairy & Eggs,cheese curd
Dairy & Eggs,coffee creamer
Dairy & Eggs,ganache
Dairy & Eggs,duck egg
Dairy & Eggs,cajeta
Dairy & Eggs,salted egg
Dairy & Eggs,goat milk
Dairy & Eggs,skyr
Dairy & Eggs,raw milk
Dairy & Eggs,chantilly
Dairy & Eggs,milkfat
Dairy & Eggs,lime curd
Dairy & Eggs,yogurt starter
Dairy & Eggs,powdered coffee creamer
Dairy & Eggs,strawberry frosting
Dairy & Eggs,rainbow sherbet
Dairy & Eggs,amul butter
Dairy & Eggs,century egg
Dairy & Eggs,honey butter
Dairy & Eggs,goat butter
Dairy & Eggs,strawberry cream cheese
Dairy & Eggs,orange curd
Dairy & Eggs,dahi
Dairy & Eggs,goat yogurt
Dairy & Eggs,pumpkin spice coffee creamer
Dairy & Eggs,bulgarian yogurt
Dairy & Eggs,chocolate milk powder
Dairy & Eggs,liquid rennet
Dairy & Eggs,strawberry milk
Dairy & Eggs,ayran
Dairy & Eggs,buffalo milk
Dairy & Eggs,cuajada
Dairy & Eggs,kashk
Dairy & Eggs,yogurt drink
Dairy & Eggs,pickled egg
Dairy & Eggs,sheep milk
Dairy & Eggs,starter culture
Dairy & Eggs,ostrich egg
Dairy & Eggs,goat kefir
Dairy & Eggs,sheep yogurt
Dairy & Eggs,laban
Dairy-Free & Meat Substitutes,coconut milk
Dairy-Free & Meat Substitutes,almond milk
Dairy-Free & Meat Substitutes,almond butter
Dairy-Free & Meat Substitutes,tofu
Dairy-Free & Meat Substitutes,coconut cream
Dairy-Free & Meat Substitutes,non-dairy milk
Dairy-Free & Meat Substitutes,vegan butter
Dairy-Free & Meat Substitutes,soy milk
Dairy-Free & Meat Substitutes,extra firm tofu
Dairy-Free & Meat Substitutes,silken tofu
Dairy-Free & Meat Substitutes,kala namak salt
Dairy-Free & Meat Substitutes,coconut butter
Dairy-Free & Meat Substitutes,egg replacer
Dairy-Free & Meat Substitutes,vegan mayonnaise
Dairy-Free & Meat Substitutes,vegan cheese
Dairy-Free & Meat Substitutes,cashew butter
Dairy-Free & Meat Substitutes,tempeh
Dairy-Free & Meat Substitutes,coconut yogurt
Dairy-Free & Meat Substitutes,vegan cream cheese
Dairy-Free & Meat Substitutes,non-dairy yogurt
Dairy-Free & Meat Substitutes,seed butter
Dairy-Free & Meat Substitutes,oat milk
Dairy-Free & Meat Substitutes,cashew milk
Dairy-Free & Meat Substitutes,rice milk
Dairy-Free & Meat Substitutes,nut butter
Dairy-Free & Meat Substitutes,vegan sour cream
Dairy-Free & Meat Substitutes,textured vegetable protein
Dairy-Free & Meat Substitutes,soy yogurt
Dairy-Free & Meat Substitutes,vegan mozzarella
Dairy-Free & Meat Substitutes,coconut whipped cream
Dairy-Free & Meat Substitutes,vegan sausage
Dairy-Free & Meat Substitutes,non-dairy cream
Dairy-Free & Meat Substitutes,non-dairy creamer
Dairy-Free & Meat Substitutes,coconut powder
Dairy-Free & Meat Substitutes,smoked tofu
Dairy-Free & Meat Substitutes,soy cream
Dairy-Free & Meat Substitutes,seitan
Dairy-Free & Meat Substitutes,non-dairy whipped topping
Dairy-Free & Meat Substitutes,nut milk
Dairy-Free & Meat Substitutes,condensed coconut milk
Dairy-Free & Meat Substitutes,vegan burger patty
Dairy-Free & Meat Substitutes,hemp protein
Dairy-Free & Meat Substitutes,pulled oats
Dairy-Free & Meat Substitutes,soy curls
Dairy-Free & Meat Substitutes,vegan pesto
Dairy-Free & Meat Substitutes,vegan ground beef
Dairy-Free & Meat Substitutes,soy chorizo
Dairy-Free & Meat Substitutes,hazelnut butter
Dairy-Free & Meat Substitutes,vegan beef
Dairy-Free & Meat Substitutes,coconut paste
Dairy-Free & Meat Substitutes,hemp milk
Dairy-Free & Meat Substitutes,vegan bacon
Dairy-Free & Meat Substitutes,vegetable suet
Dairy-Free & Meat Substitutes,dairy-free ice-cream
Dairy-Free & Meat Substitutes,vegan chicken
Dairy-Free & Meat Substitutes,almond-coconut milk
Dairy-Free & Meat Substitutes,banana blossom
Dairy-Free & Meat Substitutes,vegetarian hot dog
Dairy-Free & Meat Substitutes,hazelnut milk
Dairy-Free & Meat Substitutes,soy milk powder
Dairy-Free & Meat Substitutes,almond-milk yogurt
Dairy-Free & Meat Substitutes,vegan cream cheese frosting
Dairy-Free & Meat Substitutes,vegan meatballs
Dairy-Free & Meat Substitutes,soy granules
Dairy-Free & Meat Substitutes,almond creamer
Dairy-Free & Meat Substitutes,falafel mix
Dairy-Free & Meat Substitutes,vegan gravy
Dairy-Free & Meat Substitutes,ready-made falafel
Dairy-Free & Meat Substitutes,cashew cheese sauce
Dairy-Free & Meat Substitutes,flax milk
Dairy-Free & Meat Substitutes,coconut fat
Dairy-Free & Meat Substitutes,hazelnut creamer
Dairy-Free & Meat Substitutes,quorn
Dairy-Free & Meat Substitutes,soy-free vegan butter
Dairy-Free & Meat Substitutes,tofurky
Dairy-Free & Meat Substitutes,walnut taco meat
Dairy-Free & Meat Substitutes,cashew cream cheese
Dairy-Free & Meat Substitutes,egg tofu
Dairy-Free & Meat Substitutes,macadamia butter
Dairy-Free & Meat Substitutes,vegan nutella
Dairy-Free & Meat Substitutes,cricket flour
Dairy-Free & Meat Substitutes,okara
Dairy-Free & Meat Substitutes,protein drink
Dairy-Free & Meat Substitutes,macadamia milk
Dairy-Free & Meat Substitutes,vegetarian burger crumbles
Dairy-Free & Meat Substitutes,vegan yogurt starter
Dairy-Free & Meat Substitutes,banana milk
Dairy-Free & Meat Substitutes,latik
Dairy-Free & Meat Substitutes,vegan chicken nuggets
Dairy-Free & Meat Substitutes,vegan starter culture
Dairy-Free & Meat Substitutes,walnut milk
Dairy-Free & Meat Substitutes,rice cream
Dairy-Free & Meat Substitutes,vegan roe
Dairy-Free & Meat Substitutes,vegetarian rennet
Meats,bacon
Meats,ground beef
Meats,beef steak
Meats,ham
Meats,pork loin
Meats,pork fillet
Meats,sausage
Meats,prosciutto
Meats,beef roast
Meats,ground pork
Meats,italian sausage
Meats,pork chops
Meats,beef stew meat
Meats,pepperoni
Meats,chorizo
Meats,pancetta
Meats,pork ribs
Meats,ground lamb
Meats,pork shoulder
Meats,smoked sausage
Meats,breakfast sausage
Meats,hot dog
Meats,beef sirloin
Meats,brisket
Meats,salami
Meats,beef short ribs
Meats,deli ham
Meats,leg of lamb
Meats,pork belly
Meats,kielbasa
Meats,sweet italian sausage
Meats,boneless lamb
Meats,andouille
Meats,ground pork sausage
Meats,roast beef
Meats,ground sausage
Meats,bacon bits
Meats,pork roast
Meats,hot italian sausage
Meats,beef ribs
Meats,lamb shoulder
Meats,pork spare ribs
Meats,veal steak
Meats,lamb chops
Meats,bone-in ham
Meats,mutton
Meats,canadian bacon
Meats,lamb shank
Meats,beef sausage
Meats,ham steak
Meats,bratwurst
Meats,venison
Meats,pulled pork
Meats,pork butt
Meats,ham hock
Meats,frozen meatballs
Meats,rabbit
Meats,mixed ground meat
Meats,pork cutlets
Meats,veal cutlet
Meats,soup bones
Meats,lamb loin
Meats,rack of lamb
Meats,mexican chorizo
Meats,pork back ribs
Meats,black forest ham
Meats,pork steak
Meats,smoked ham hock
Meats,oxtail
Meats,serrano ham
Meats,raw chorizo
Meats,beef liver
Meats,pastrami
Meats,back bacon
Meats,hard salami
Meats,cocktail sausage
Meats,veal shank
Meats,salt pork
Meats,lap cheong
Meats,beef shank
Meats,ground venison
Meats,blood sausage
Meats,dried beef
Meats,gammon joint
Meats,country ham
Meats,ground bison
Meats,mortadella
Meats,fresh sausage
Meats,bologna
Meats,smoked pork chop
Meats,lamb neck
Meats,beef suet
Meats,burger patty
Meats,sausage patty
Meats,veal roast
Meats,beef shoulder
Meats,steak tips
Meats,veal chops
Meats,snail
Meats,venison steak
Poultry,chicken breast
Poultry,chicken thighs
Poultry,cooked chicken
Poultry,ground turkey
Poultry,whole chicken
Poultry,whole turkey
Poultry,chicken leg
Poultry,chicken wings
Poultry,turkey breast
Poultry,ground chicken
Poultry,rotisserie chicken
Poultry,chicken tenders
Poultry,turkey sausage
Poultry,chicken sausage
Poultry,duck
Poultry,turkey bacon
Poultry,duck breast
Poultry,boneless chicken
Poultry,chicken livers
Poultry,cornish hen
Poultry,deli turkey
Poultry,smoked turkey
Poultry,turkey meat
Poultry,chicken quarters
Poultry,quail
Poultry,smoked turkey sausage
Poultry,smoked chicken
Poultry,turkey leg
Poultry,goose
Poultry,pheasant
Poultry,turkey pepperoni
Poultry,chicken bones
Poultry,turkey ham
Poultry,turkey thigh
Poultry,turkey meatballs
Poultry,foie gras
Poultry,turkey neck
Poultry,chicken giblets
Poultry,turkey wing
Poultry,chicken nuggets
Poultry,turkey burger
Poultry,chicken andouille
Poultry,chicken gizzards
Poultry,ground turkey sausage
Poultry,smoked turkey leg
Poultry,chicken italian sausage
Poultry,ostrich
Poultry,crispy chicken strips
Poultry,popcorn chicken
Poultry,chicken feet
Poultry,chicken necks
Poultry,pulled chicken
Poultry,deli chicken
Poultry,smoked duck breast
Poultry,pigeon
Poultry,turkey kielbasa
Poultry,wild game bird
Poultry,duck confit
Poultry,turkey liver
Poultry,chicken meatballs
Poultry,duck liver
Poultry,guinea fowl
Poultry,smoked turkey wing
Poultry,chicken schnitzel
Poultry,chicken roast
Poultry,grouse
Poultry,turkey bones
Poultry,goose liver
Poultry,turkey lunch meat
Poultry,turkey roast
Poultry,capon
Poultry,chicken bacon
Poultry,turkey rissoles
Poultry,chicken kebab
Poultry,chicken ham
Poultry,duck neck
Poultry,chicken frames
Poultry,chicken ribs
Poultry,chicken gyros
Poultry,turkey tail
Poultry,chicken patty
Fish,salmon
Fish,smoked salmon
Fish,cod
Fish,tilapia
Fish,tuna steak
Fish,halibut
Fish,whitefish
Fish,trout
Fish,sea bass
Fish,red snapper
Fish,fish fillets
Fish,catfish
Fish,swordfish
Fish,sardines
Fish,sole
Fish,mahi mahi
Fish,mackerel
Fish,surimi
Fish,smoked trout
Fish,haddock
Fish,smoked haddock
Fish,caviar
Fish,monkfish
Fish,flounder
Fish,perch
Fish,salt cod
Fish,hake
Fish,pollock
Fish,smoked mackerel
Fish,rainbow trout
Fish,sea bream
Fish,cuttlefish
Fish,herring
Fish,carp
Fish,grouper
Fish,salmon roe
Fish,barramundi
Fish,roe
Fish,black cod
Fish,kingfish
Fish,dried anchovy
Fish,orange roughy
Fish,pomfret
Fish,turbot
Fish,bangus
Fish,rockfish
Fish,branzino
Fish,arctic char
Fish,eel
Fish,lemon sole
Fish,yellowtail
Fish,fresh anchovy
Fish,battered fish
Fish,pickled herring
Fish,john dory
Fish,pike
Fish,swai fish
Fish,walleye
Fish,fresh mackerel
Fish,basa fish
Fish,bluefish
Fish,smoked eel
Fish,rohu fish
Fish,salmon trout
Fish,sturgeon
Fish,fish balls
Fish,gurnard
Fish,red mullet
Fish,pompano
Fish,fish heads
Fish,plaice
Fish,dried fish
Fish,smoked fish
Fish,salmon burger meat
Fish,shark meat
Fish,smoked herring
Fish,flathead
Fish,whiting
Fish,fish cake
Fish,garoupa
Fish,gilt-head bream
Fish,pangasius
Fish,salt herring
Fish,soused herring
Fish,tinapa
Fish,zander
Fish,amberjack
Fish,mullet
Fish,skipjack tuna
Fish,marlin
Fish,threadfin
Fish,tiny fish
Fish,beluga caviar
Fish,bombay duck
Fish,bottarga
Fish,fish pie mix
Fish,kamaboko
Fish,korean fish cake
Fish,pilchards
Fish,shirasu
Seafood & Seaweed,shrimp
Seafood & Seaweed,prawns
Seafood & Seaweed,crab
Seafood & Seaweed,scallop
Seafood & Seaweed,clam
Seafood & Seaweed,mussel
Seafood & Seaweed,squid
Seafood & Seaweed,nori
Seafood & Seaweed,lobster
Seafood & Seaweed,oyster
Seafood & Seaweed,lobster tail
Seafood & Seaweed,crawfish
Seafood & Seaweed,octopus
Seafood & Seaweed,dried shrimp
Seafood & Seaweed,kombu
Seafood & Seaweed,bay scallop
Seafood & Seaweed,wakame
Seafood & Seaweed,canned clam
Seafood & Seaweed,scampi
Seafood & Seaweed,king crab
Seafood & Seaweed,mixed seafood
Seafood & Seaweed,baby squid
Seafood & Seaweed,squid ink
Seafood & Seaweed,roasted seaweed
Seafood & Seaweed,dulse seaweed
Seafood & Seaweed,smoked oyster
Seafood & Seaweed,kelp
Seafood & Seaweed,kizami nori
Seafood & Seaweed,yaki-nori
Seafood & Seaweed,hijiki
Seafood & Seaweed,conch
Seafood & Seaweed,arame
Seafood & Seaweed,sea urchin
Seafood & Seaweed,abalone
Seafood & Seaweed,seaweed salad
Seafood & Seaweed,salted shrimp
Seafood & Seaweed,aonori
Seafood & Seaweed,dulse
Seafood & Seaweed,smoked mussel
Seafood & Seaweed,sea snails
Seafood & Seaweed,prepared crab cake
Seafood & Seaweed,sea lettuce
Seafood & Seaweed,korean seaweed
Seafood & Seaweed,ogo seaweed
Seafood & Seaweed,seaweed caviar
Seafood & Seaweed,langoustine
Seafood & Seaweed,sea moss
Herbs & Spices,cinnamon
Herbs & Spices,parsley
Herbs & Spices,cilantro
Herbs & Spices,cumin
Herbs & Spices,basil
Herbs & Spices,thyme
Herbs & Spices,ginger root
Herbs & Spices,garlic powder
Herbs & Spices,oregano
Herbs & Spices,chili flake
Herbs & Spices,paprika
Herbs & Spices,cayenne
Herbs & Spices,rosemary
Herbs & Spices,bay leaf
Herbs & Spices,nutmeg
Herbs & Spices,turmeric
Herbs & Spices,clove
Herbs & Spices,onion powder
Herbs & Spices,ginger powder
Herbs & Spices,chive
Herbs & Spices,dill
Herbs & Spices,ground nutmeg
Herbs & Spices,mint
Herbs & Spices,green cardamom
Herbs & Spices,fresh mint
Herbs & Spices,smoked paprika
Herbs & Spices,coriander powder
Herbs & Spices,coriander
Herbs & Spices,sage
Herbs & Spices,allspice
Herbs & Spices,peppercorn
Herbs & Spices,mustard seed
Herbs & Spices,white pepper
Herbs & Spices,curry leaves
Herbs & Spices,fennel seed
Herbs & Spices,tarragon
Herbs & Spices,saffron
Herbs & Spices,asafoetida
Herbs & Spices,star anise
Herbs & Spices,marjoram
Herbs & Spices,lemongrass
Herbs & Spices,cracked pepper
Herbs & Spices,chile powder
Herbs & Spices,chipotle
Herbs & Spices,caraway
Herbs & Spices,celery seed
Herbs & Spices,garlic granules
Herbs & Spices,fenugreek
Herbs & Spices,onion flake
Herbs & Spices,matcha powder
Herbs & Spices,ancho chile powder
Herbs & Spices,sumac
Herbs & Spices,fenugreek seed
Herbs & Spices,dried parsley flakes
Herbs & Spices,kashmiri red chilli
Herbs & Spices,thai basil
Herbs & Spices,edible flowers
Herbs & Spices,aniseed
Herbs & Spices,kaffir lime leaves
Herbs & Spices,lavender
Herbs & Spices,chervil
Herbs & Spices,chipotle powder
Herbs & Spices,carom seeds
Herbs & Spices,mace
Herbs & Spices,mango powder
Herbs & Spices,black mustard seed
Herbs & Spices,black cardamom
Herbs & Spices,saffron strands
Herbs & Spices,pink peppercorn
Herbs & Spices,hot paprika
Herbs & Spices,lemon thyme
Herbs & Spices,arbol chile pepper
Herbs & Spices,galangal
Herbs & Spices,garlic flakes
Herbs & Spices,dried chilies
Herbs & Spices,lemon balm
Herbs & Spices,dill seed
Herbs & Spices,green peppercorn
Herbs & Spices,aleppo pepper
Herbs & Spices,pandan leaves
Herbs & Spices,hibiscus flowers
Herbs & Spices,sorrel
Herbs & Spices,achiote seeds
Herbs & Spices,savory herb
Herbs & Spices,saigon cinnamon
Herbs & Spices,gochugaru
Herbs & Spices,lemongrass paste
Herbs & Spices,hibiscus leaves
Herbs & Spices,black cumin
Herbs & Spices,vietnamese mint
Herbs & Spices,celery powder
Herbs & Spices,anardana
Herbs & Spices,shiso
Herbs & Spices,dried orange peel
Herbs & Spices,lemon verbena
Herbs & Spices,espelette pepper
Herbs & Spices,achiote paste
Herbs & Spices,summer savory
Herbs & Spices,fennel pollen
Herbs & Spices,dried lemon peel
Sugar & Sweeteners,sugar
Sugar & Sweeteners,brown sugar
Sugar & Sweeteners,confectioners’ sugar
Sugar & Sweeteners,honey
Sugar & Sweeteners,maple syrup
Sugar & Sweeteners,corn syrup
Sugar & Sweeteners,coconut sugar
Sugar & Sweeteners,molasses
Sugar & Sweeteners,stevia
Sugar & Sweeteners,agave nectar
Sugar & Sweeteners,sugar syrup
Sugar & Sweeteners,erythritol
Sugar & Sweeteners,vanilla sugar
Sugar & Sweeteners,demerara sugar
Sugar & Sweeteners,caramel syrup
Sugar & Sweeteners,jaggery
Sugar & Sweeteners,chocolate syrup
Sugar & Sweeteners,raw sugar
Sugar & Sweeteners,golden syrup
Sugar & Sweeteners,cinnamon sugar
Sugar & Sweeteners,grenadine
Sugar & Sweeteners,liquid stevia
Sugar & Sweeteners,coarse sugar
Sugar & Sweeteners,salted caramel syrup
Sugar & Sweeteners,sanding sugar
Sugar & Sweeteners,dark corn syrup
Sugar & Sweeteners,sucralose
Sugar & Sweeteners,monk fruit sweetener
Sugar & Sweeteners,maple sugar
Sugar & Sweeteners,blackstrap molasses
Sugar & Sweeteners,rock sugar
Sugar & Sweeteners,glucose
Sugar & Sweeteners,confectioners' sweetener
Sugar & Sweeteners,xylitol
Sugar & Sweeteners,jam sugar
Sugar & Sweeteners,strawberry syrup
Sugar & Sweeteners,vanilla syrup
Sugar & Sweeteners,ginger syrup
Sugar & Sweeteners,orgeat
Sugar & Sweeteners,pancake syrup
Sugar & Sweeteners,raspberry syrup
Sugar & Sweeteners,rice malt syrup
Sugar & Sweeteners,black treacle
Sugar & Sweeteners,date syrup
Sugar & Sweeteners,date paste
Sugar & Sweeteners,coconut syrup
Sugar & Sweeteners,mint syrup
Sugar & Sweeteners,treacle
Sugar & Sweeteners,splenda brown sugar
Sugar & Sweeteners,rice syrup
Sugar & Sweeteners,maple butter
Sugar & Sweeteners,manuka honey
Sugar & Sweeteners,brown sugar blend
Sugar & Sweeteners,apple syrup
Sugar & Sweeteners,blueberry syrup
Sugar & Sweeteners,blackberry syrup
Sugar & Sweeteners,piloncillo
Sugar & Sweeteners,cherry syrup
Sugar & Sweeteners,allulose
Sugar & Sweeteners,hibiscus syrup
Sugar & Sweeteners,fresh sugar cane
Sugar & Sweeteners,sorghum syrup
Sugar & Sweeteners,white chocolate sauce
Sugar & Sweeteners,glycerine
Sugar & Sweeteners,pumpkin spice syrup
Sugar & Sweeteners,lucuma powder
Sugar & Sweeteners,black sugar
Sugar & Sweeteners,cranberry syrup
Sugar & Sweeteners,cane syrup
Sugar & Sweeteners,mango syrup
Sugar & Sweeteners,malt syrup
Sugar & Sweeteners,hot honey
Sugar & Sweeteners,gula melaka
Sugar & Sweeteners,elderberry syrup
Sugar & Sweeteners,sweet'n low
Sugar & Sweeteners,fructose
Sugar & Sweeteners,grape syrup
Sugar & Sweeteners,honey powder
Sugar & Sweeteners,berry syrup
Sugar & Sweeteners,brown butter syrup
Sugar & Sweeteners,date sugar
Sugar & Sweeteners,gum syrup
Sugar & Sweeteners,inulin
Sugar & Sweeteners,mastic
Sugar & Sweeteners,irish cream syrup
Sugar & Sweeteners,prickly pear syrup
Sugar & Sweeteners,cookie butter syrup
Sugar & Sweeteners,creamed honey
Sugar & Sweeteners,buttermilk syrup
Sugar & Sweeteners,flavored syrup
Sugar & Sweeteners,malt sugar
Sugar & Sweeteners,chocolate sugar
Sugar & Sweeteners,aspartame
Sugar & Sweeteners,peanut butter syrup
Sugar & Sweeteners,carob syrup
Sugar & Sweeteners,coffee-flavored syrup
Sugar & Sweeteners,yacon syrup
Sugar & Sweeteners,cola syrup
Sugar & Sweeteners,isomalt
Sugar & Sweeteners,bochasweet
Seasonings & Spice Blends,chili powder
Seasonings & Spice Blends,italian seasoning
Seasonings & Spice Blends,seasoned salt
Seasonings & Spice Blends,curry
Seasonings & Spice Blends,garam masala
Seasonings & Spice Blends,pumpkin pie spice
Seasonings & Spice Blends,mustard powder
Seasonings & Spice Blends,taco seasoning
Seasonings & Spice Blends,cajun seasoning
Seasonings & Spice Blends,dry ranch seasoning
Seasonings & Spice Blends,white miso
Seasonings & Spice Blends,lemon & pepper seasoning
Seasonings & Spice Blends,poultry seasoning
Seasonings & Spice Blends,liquid smoke
Seasonings & Spice Blends,chinese five spice
Seasonings & Spice Blends,red curry
Seasonings & Spice Blends,herbes de provence
Seasonings & Spice Blends,old bay seasoning
Seasonings & Spice Blends,chaat masala
Seasonings & Spice Blends,creole seasoning
Seasonings & Spice Blends,steak seasoning
Seasonings & Spice Blends,mixed spice
Seasonings & Spice Blends,fleur de sel
Seasonings & Spice Blends,thai red curry paste
Seasonings & Spice Blends,green curry
Seasonings & Spice Blends,barbecue seasoning
Seasonings & Spice Blends,apple pie spice
Seasonings & Spice Blends,za'atar
Seasonings & Spice Blends,ras el hanout
Seasonings & Spice Blends,seafood seasoning
Seasonings & Spice Blends,all-purpose seasoning
Seasonings & Spice Blends,bagel seasoning
Seasonings & Spice Blends,tandoori spice
Seasonings & Spice Blends,fajita seasoning
Seasonings & Spice Blends,pickling spice
Seasonings & Spice Blends,caribbean jerk seasoning
Seasonings & Spice Blends,gravy mix
Seasonings & Spice Blends,garlic-pepper seasoning
Seasonings & Spice Blends,msg
Seasonings & Spice Blends,greek seasoning
Seasonings & Spice Blends,sambar powder
Seasonings & Spice Blends,teriyaki marinade
Seasonings & Spice Blends,adobo seasoning
Seasonings & Spice Blends,garlic & herb seasoning
Seasonings & Spice Blends,smoked salt
Seasonings & Spice Blends,dash seasoning
Seasonings & Spice Blends,wasabi powder
Seasonings & Spice Blends,red miso
Seasonings & Spice Blends,hot curry
Seasonings & Spice Blends,carne asada seasoning
Seasonings & Spice Blends,yellow miso
Seasonings & Spice Blends,bouquet garni
Seasonings & Spice Blends,curing salt
Seasonings & Spice Blends,salt-free seasoning
Seasonings & Spice Blends,dukkah
Seasonings & Spice Blends,pav bhaji masala
Seasonings & Spice Blends,mexican seasoning
Seasonings & Spice Blends,tajin seasoning
Seasonings & Spice Blends,seasoned pepper
Seasonings & Spice Blends,shichimi togarashi
Seasonings & Spice Blends,crab boil seasoning
Seasonings & Spice Blends,truffle salt
Seasonings & Spice Blends,furikake
Seasonings & Spice Blends,biryani masala
Seasonings & Spice Blends,togarashi
Seasonings & Spice Blends,chipotle seasoning
Seasonings & Spice Blends,meat masala
Seasonings & Spice Blends,harissa spice blend
Seasonings & Spice Blends,chicken gravy mix
Seasonings & Spice Blends,chana masala
Seasonings & Spice Blends,au jus mix
Seasonings & Spice Blends,chicken taco seasoning
Seasonings & Spice Blends,berbere
Seasonings & Spice Blends,brown miso
Seasonings & Spice Blends,mushroom seasoning
Seasonings & Spice Blends,gingerbread spice
Seasonings & Spice Blends,pizza seasoning
Seasonings & Spice Blends,blackening seasoning
Seasonings & Spice Blends,fines herbes
Seasonings & Spice Blends,chili-lime seasoning
Seasonings & Spice Blends,chai masala
Seasonings & Spice Blends,kitchen king masala
Seasonings & Spice Blends,shawarma seasoning
Seasonings & Spice Blends,panang curry
Seasonings & Spice Blends,thai seasoning
Seasonings & Spice Blends,lemon & herb seasoning
Seasonings & Spice Blends,mulling spices
Seasonings & Spice Blends,hawaiian salt
Seasonings & Spice Blends,coffee rub
Seasonings & Spice Blends,mesquite seasoning
Seasonings & Spice Blends,sriracha seasoning
Seasonings & Spice Blends,tom yum paste
Seasonings & Spice Blends,salad seasoning
Seasonings & Spice Blends,fermented bean curd
Seasonings & Spice Blends,fish masala
Seasonings & Spice Blends,southwest chipotle seasoning
Seasonings & Spice Blends,baharat
Seasonings & Spice Blends,panch phoron
Seasonings & Spice Blends,pasta seasoning
Seasonings & Spice Blends,berbere spice
Baking,flour
Baking,vanilla
Baking,baking powder
Baking,baking soda
Baking,cornstarch
Baking,yeast
Baking,chocolate chips
Baking,dark chocolate chips
Baking,whole-wheat flour
Baking,panko
Baking,almond flour
Baking,self-raising flour
Baking,shredded coconut
Baking,coconut flake
Baking,cornmeal
Baking,gelatin
Baking,pastry flour
Baking,corn flour
Baking,cream of tartar
Baking,cake flour
Baking,coconut flour
Baking,baking mix
Baking,bread flour
Baking,almond meal
Baking,unbleached all-purpose flour
Baking,white baking chips
Baking,gluten-free flour
Baking,rice flour
Baking,desiccated coconut
Baking,tapioca starch
Baking,yellow cake mix
Baking,chickpea flour
Baking,canned pie filling
Baking,xanthan gum
Baking,oat flour
Baking,whole-wheat pastry flour
Baking,candy sprinkles
Baking,spelt
Baking,brownie mix
Baking,arrowroot flour
Baking,potato starch
Baking,flaxseed meal
Baking,butterscotch chips
Baking,chocolate cake mix
Baking,jello
Baking,peanut butter chips
Baking,crystallized ginger
Baking,buckwheat flour
Baking,brown rice flour
Baking,pectin
Baking,rye flour
Baking,refined flour
Baking,psyllium husk
Baking,semolina flour
Baking,pancake mix
Baking,glutinous rice flour
Baking,muffin mix
Baking,marzipan
Baking,coffee bean
Baking,toffee bits
Baking,cornbread mix
Baking,spice cake mix
Baking,devil's food cake mix
Baking,sorghum flour
Baking,potato flakes
Baking,masa harina
Baking,cinnamon chips
Baking,agar agar
Baking,red velvet cake mix
Baking,matzo meal
Baking,sago
Baking,cassava flour
Baking,sugar cookie mix
Baking,hazelnut flour
Baking,vital wheat gluten
Baking,citric acid
Baking,finger millet flour
Baking,baking chips
Baking,meringue powder
Baking,coconut chips
Baking,quinoa flour
Baking,fondant
Baking,whipped cream stabilizer
Baking,white cornmeal
Baking,millet flour
Baking,mint baking chips
Baking,mincemeat
Baking,angel food cake mix
Baking,gluten-free baking flour
Baking,einkorn flour
Baking,self-rising cornmeal
Baking,sweet bean paste
Baking,gluten-free self-raising flour
Baking,peanut flour
Baking,teff flour
Baking,tapioca pearls
Baking,potato flour
Baking,guar gum
Baking,seasoned flour
Baking,soy flour
Pre-Made Doughs & Wrappers,pie crust
Pre-Made Doughs & Wrappers,puff pastry
Pre-Made Doughs & Wrappers,pizza crust
Pre-Made Doughs & Wrappers,phyllo
Pre-Made Doughs & Wrappers,biscuit dough
Pre-Made Doughs & Wrappers,refrigerated crescent rolls
Pre-Made Doughs & Wrappers,dumpling wrapper
Pre-Made Doughs & Wrappers,rice paper
Pre-Made Doughs & Wrappers,sourdough starter
Pre-Made Doughs & Wrappers,cookie dough
Pre-Made Doughs & Wrappers,egg roll wrapper
Pre-Made Doughs & Wrappers,crescent dough
Pre-Made Doughs & Wrappers,bread dough
Pre-Made Doughs & Wrappers,butter puff pastry
Pre-Made Doughs & Wrappers,frozen dinner roll
Pre-Made Doughs & Wrappers,wontons
Pre-Made Doughs & Wrappers,cinnamon roll dough
Pre-Made Doughs & Wrappers,dosa batter
Pre-Made Doughs & Wrappers,puff pastry shells
Pre-Made Doughs & Wrappers,gyoza wrapper
Pre-Made Doughs & Wrappers,fresh pasta dough
Pre-Made Doughs & Wrappers,idli batter
Pre-Made Doughs & Wrappers,potsticker wrappers
Pre-Made Doughs & Wrappers,chocolate pie crust
Pre-Made Doughs & Wrappers,croissant dough
Pre-Made Doughs & Wrappers,brisee
Pre-Made Doughs & Wrappers,sausage rolls
Pre-Made Doughs & Wrappers,tofu skins
Pre-Made Doughs & Wrappers,kataifi
Pre-Made Doughs & Wrappers,korean rice cake
Pre-Made Doughs & Wrappers,corn dogs
Pre-Made Doughs & Wrappers,tortilla dough
Pre-Made Doughs & Wrappers,empanada wrapper
Pre-Made Doughs & Wrappers,rough-puff pastry
Pre-Made Doughs & Wrappers,gingerbread cookie dough
Pre-Made Doughs & Wrappers,yufka
Pre-Made Doughs & Wrappers,egg wrap
Pre-Made Doughs & Wrappers,samosa sheet
Pre-Made Doughs & Wrappers,brick pastry
Grains & Cereals,rolled oats
Grains & Cereals,rice
Grains & Cereals,quinoa
Grains & Cereals,basmati rice
Grains & Cereals,brown rice
Grains & Cereals,risotto rice
Grains & Cereals,breakfast cereal
Grains & Cereals,couscous
Grains & Cereals,rice cereal
Grains & Cereals,semolina
Grains & Cereals,wild rice
Grains & Cereals,jasmine rice
Grains & Cereals,polenta
Grains & Cereals,bulgur
Grains & Cereals,granola cereal
Grains & Cereals,pearl barley
Grains & Cereals,farro
Grains & Cereals,barley
Grains & Cereals,wheat germ
Grains & Cereals,grits
Grains & Cereals,steel cut oats
Grains & Cereals,millet
Grains & Cereals,oat bran
Grains & Cereals,glutinous rice
Grains & Cereals,sushi rice
Grains & Cereals,instant rice
Grains & Cereals,hominy
Grains & Cereals,red quinoa
Grains & Cereals,wheat bran
Grains & Cereals,poha
Grains & Cereals,raw buckwheat
Grains & Cereals,puffed rice
Grains & Cereals,instant oats
Grains & Cereals,wheat berries
Grains & Cereals,black rice
Grains & Cereals,yellow rice
Grains & Cereals,amaranth
Grains & Cereals,fine semolina
Grains & Cereals,muesli
Grains & Cereals,kasha
Grains & Cereals,quinoa flakes
Grains & Cereals,pearled farro
Grains & Cereals,freekeh
Grains & Cereals,sorghum
Grains & Cereals,paella rice
Grains & Cereals,red rice
Grains & Cereals,dalia
Grains & Cereals,mexican rice
Grains & Cereals,idli rice
Grains & Cereals,cream of wheat
Grains & Cereals,rice pilaf
Grains & Cereals,barnyard millet
Grains & Cereals,weetabix
Grains & Cereals,black glutinous rice
Grains & Cereals,jambalaya rice mix
Grains & Cereals,puffed quinoa
Grains & Cereals,cilantro lime rice
Grains & Cereals,dirty rice mix
Grains & Cereals,hulled barley
Grains & Cereals,finger millet
Grains & Cereals,kodo millet
Grains & Cereals,rye berries
Grains & Cereals,spelt flakes
Grains & Cereals,matta rice
Grains & Cereals,oat groats
Grains & Cereals,teff
Grains & Cereals,rye flakes
Grains & Cereals,gluten-free breakfast cereal
Grains & Cereals,puffed amaranth
Grains & Cereals,puffed wheat
Grains & Cereals,puffed kamut
Grains & Cereals,pearled sorghum
Grains & Cereals,shirataki rice
Grains & Cereals,fonio
Grains & Cereals,grünkern
Grains & Cereals,jeera rice
Grains & Cereals,kamut flakes
Grains & Cereals,cream of rice
Legumes,peas
Legumes,green beans
Legumes,chickpea
Legumes,black beans
Legumes,kidney beans
Legumes,white beans
Legumes,lentils
Legumes,pinto beans
Legumes,snow peas
Legumes,snap peas
Legumes,red lentils
Legumes,cannellini beans
Legumes,bean sprouts
Legumes,edamame
Legumes,green lentils
Legumes,urad dal
Legumes,lima beans
Legumes,chana dal
Legumes,black-eyed peas
Legumes,fava beans
Legumes,red beans
Legumes,moong dal
Legumes,split peas
Legumes,pigeon peas
Legumes,mung bean sprout
Legumes,soybeans
Legumes,mung beans
Legumes,string beans
Legumes,yellow split peas
Legumes,black lentils
Legumes,borlotti beans
Legumes,aquafaba
Legumes,chana
Legumes,snake beans
Legumes,mixed beans
Legumes,yellow lentils
Legumes,fermented black beans
Legumes,kala chana
Legumes,black gram
Legumes,wax beans
Legumes,pink beans
Legumes,lentil sprouts
Legumes,white pea
Legumes,black soybeans
Legumes,field peas
Legumes,gigantes
Legumes,horse gram
Legumes,flageolets
Legumes,soy sprouts
Legumes,cluster beans
Legumes,honey beans
Legumes,winged beans
Legumes,brown beans
Legumes,moth beans
Legumes,mayocoba beans
Legumes,golden wax beans
Legumes,chickpea sprouts
Legumes,lupini beans
Legumes,natto
Legumes,hyacinth beans
Legumes,petai
Legumes,whole yellow peas
Legumes,soy flakes
Pasta,short-cut pasta
Pasta,spaghetti
Pasta,macaroni
Pasta,egg noodle
Pasta,spiral pasta
Pasta,lasagna
Pasta,linguine
Pasta,fettuccine
Pasta,orzo
Pasta,pasta shell
Pasta,bow-tie pasta
Pasta,noodle
Pasta,tortellini
Pasta,rice noodles
Pasta,rigatoni
Pasta,gnocchi
Pasta,angel hair pasta
Pasta,ramen noodles
Pasta,vermicelli
Pasta,tagliatelle
Pasta,soba noodles
Pasta,ravioli
Pasta,ziti
Pasta,orecchiette
Pasta,israeli couscous
Pasta,ditalini
Pasta,udon noodles
Pasta,pappardelle
Pasta,glass noodles
Pasta,rice vermicelli
Pasta,gluten-free pasta
Pasta,mac 'n cheese
Pasta,penne rigate
Pasta,bucatini
Pasta,manicotti
Pasta,cannelloni
Pasta,thai rice noodles
Pasta,brown rice pasta
Pasta,rotelle
Pasta,shirataki noodles
Pasta,pierogi
Pasta,instant noodle
Pasta,sweet potato noodles
Pasta,acini di pepe
Pasta,cavatelli
Pasta,soup pasta
Pasta,somen noodles
Pasta,yakisoba noodles
Pasta,beef ravioli
Pasta,fideo pasta
Pasta,kelp noodles
Pasta,radiatore
Pasta,spaetzle
Pasta,paccheri
Pasta,kluski noodles
Pasta,matzo farfel
Pasta,black bean pasta
Pasta,yolk-free noodles
Pasta,spinach fettuccine
Pasta,rice-a-roni
Pasta,fregola
Pasta,frozen dumplings
Pasta,beef tortellini
Pasta,banh pho
Pasta,mandu
Pasta,trahanas
Pasta,busiate
Pasta,lobster ravioli
Pasta,mafalde
Pasta,misua
Pasta,trottole
Pasta,palmini
Pasta,pasta salad mix
Pasta,pot pie noodle
Pasta,jjolmyeon
Pasta,quinoa pasta
Pasta,bean pasta
Pasta,bean sheets
Pasta,hilopites
Pasta,naengmyeon noodles
Bread & Salty Snacks,bread
Bread & Salty Snacks,bread crumbs
Bread & Salty Snacks,flour tortillas
Bread & Salty Snacks,corn tortillas
Bread & Salty Snacks,baguette
Bread & Salty Snacks,crackers
Bread & Salty Snacks,tortilla chips
Bread & Salty Snacks,pita
Bread & Salty Snacks,pretzels
Bread & Salty Snacks,sourdough bread
Bread & Salty Snacks,popcorn
Bread & Salty Snacks,rustic italian bread
Bread & Salty Snacks,croutons
Bread & Salty Snacks,whole-wheat tortillas
Bread & Salty Snacks,english muffin
Bread & Salty Snacks,brioche
Bread & Salty Snacks,italian bread crumbs
Bread & Salty Snacks,rye bread
Bread & Salty Snacks,dry-roasted peanuts
Bread & Salty Snacks,flatbread
Bread & Salty Snacks,naan
Bread & Salty Snacks,potato chips
Bread & Salty Snacks,cornbread
Bread & Salty Snacks,stuffing mix
Bread & Salty Snacks,taco shells
Bread & Salty Snacks,tater tots
Bread & Salty Snacks,bagel
Bread & Salty Snacks,corn chips
Bread & Salty Snacks,croissants
Bread & Salty Snacks,pork rinds
Bread & Salty Snacks,pumpernickel
Bread & Salty Snacks,muffin
Bread & Salty Snacks,sweet bread
Bread & Salty Snacks,pita chips
Bread & Salty Snacks,potato bread
Bread & Salty Snacks,gluten free bread
Bread & Salty Snacks,hawaiian rolls
Bread & Salty Snacks,breadsticks
Bread & Salty Snacks,focaccia
Bread & Salty Snacks,gluten-free bread crumbs
Bread & Salty Snacks,tostada shells
Bread & Salty Snacks,crispy fried onions
Bread & Salty Snacks,matzo
Bread & Salty Snacks,garlic bread
Bread & Salty Snacks,yeast extract spread
Bread & Salty Snacks,challah
Bread & Salty Snacks,roasted gram
Bread & Salty Snacks,crostini
Bread & Salty Snacks,rice cake
Bread & Salty Snacks,unpopped popcorn
Bread & Salty Snacks,panettone
Bread & Salty Snacks,sweet potato fries
Bread & Salty Snacks,sev
Bread & Salty Snacks,papad
Bread & Salty Snacks,vegetable chips
Bread & Salty Snacks,spinach wraps
Bread & Salty Snacks,cheetos
Bread & Salty Snacks,roasted chickpeas
Bread & Salty Snacks,crumpet
Bread & Salty Snacks,chapati
Bread & Salty Snacks,seed bread
Bread & Salty Snacks,keto bread
Bread & Salty Snacks,bread bowl
Bread & Salty Snacks,sprouted grain bread
Bread & Salty Snacks,frozen onion rings
Bread & Salty Snacks,corn muffin
Bread & Salty Snacks,corn nuts
Bread & Salty Snacks,rice crackers
Bread & Salty Snacks,rusks
Bread & Salty Snacks,fruit bread
Bread & Salty Snacks,pav bun
Bread & Salty Snacks,crispbread
Bread & Salty Snacks,boboli
Bread & Salty Snacks,roti bread
Bread & Salty Snacks,bao bun
Bread & Salty Snacks,milk bread
Bread & Salty Snacks,popcorn shrimp
Bread & Salty Snacks,wasabi peas
Bread & Salty Snacks,yorkshire pudding
Bread & Salty Snacks,chocolate muffin
Bread & Salty Snacks,ezekiel bread
Bread & Salty Snacks,arabic bread
Bread & Salty Snacks,zwieback
Bread & Salty Snacks,coconut wraps
Bread & Salty Snacks,oven chips
Bread & Salty Snacks,taco kit
Bread & Salty Snacks,ready-made arepas
Bread & Salty Snacks,ready-made pancake
Bread & Salty Snacks,breading mix
Bread & Salty Snacks,japanese peanuts
Bread & Salty Snacks,cauliflower wraps
Bread & Salty Snacks,potato waffle
Bread & Salty Snacks,tartlet shells
Bread & Salty Snacks,injera
Oils & Fats,olive oil
Oils & Fats,vegetable oil
Oils & Fats,extra virgin olive oil
Oils & Fats,canola oil
Oils & Fats,coconut oil
Oils & Fats,sesame oil
Oils & Fats,cooking spray
Oils & Fats,shortening
Oils & Fats,frying oil
Oils & Fats,sunflower oil
Oils & Fats,avocado oil
Oils & Fats,peanut oil
Oils & Fats,grapeseed oil
Oils & Fats,lard
Oils & Fats,corn oil
Oils & Fats,virgin coconut oil
Oils & Fats,mustard oil
Oils & Fats,chili oil
Oils & Fats,walnut oil
Oils & Fats,truffle oil
Oils & Fats,bacon grease
Oils & Fats,safflower oil
Oils & Fats,cacao butter
Oils & Fats,salad oil
Oils & Fats,garlic oil
Oils & Fats,duck fat
Oils & Fats,soybean oil
Oils & Fats,rice bran oil
Oils & Fats,white truffle oil
Oils & Fats,medium-chain triglyceride
Oils & Fats,flaxseed oil
Oils & Fats,butter-flavored cooking spray
Oils & Fats,hazelnut oil
Oils & Fats,pumpkin seed oil
Oils & Fats,almond oil
Oils & Fats,lemon oil
Oils & Fats,goose fat
Oils & Fats,palm oil
Oils & Fats,basil oil
Oils & Fats,pork fat
Oils & Fats,beef dripping
Oils & Fats,macadamia oil
Oils & Fats,schmaltz
Oils & Fats,tallow
Oils & Fats,sushi vinegar
Oils & Fats,pistachio oil
Oils & Fats,beef fat
Oils & Fats,argan oil
Oils & Fats,pecan oil
Oils & Fats,herb-infused olive oil
Oils & Fats,red palm oil
Oils & Fats,lamb fat
Oils & Fats,shallot oil
Oils & Fats,castor oil
Oils & Fats,chicken drippings
Oils & Fats,jojoba oil
Oils & Fats,oregano oil
Oils & Fats,wheat germ oil
Oils & Fats,hemp seed oil
Oils & Fats,achiote oil
Oils & Fats,cottonseed oil
Oils & Fats,pork dripping
Oils & Fats,rosehip seed oil
Oils & Fats,camelina oil
Oils & Fats,marula oil
Oils & Fats,moringa seed oil
Oils & Fats,white cacao butter
Oils & Fats,black seed oil
Dressings & Vinegars,mayonnaise
Dressings & Vinegars,apple cider vinegar
Dressings & Vinegars,balsamic vinegar
Dressings & Vinegars,vinegar
Dressings & Vinegars,red wine vinegar
Dressings & Vinegars,rice wine vinegar
Dressings & Vinegars,white wine vinegar
Dressings & Vinegars,ranch dressing
Dressings & Vinegars,italian dressing
Dressings & Vinegars,sherry vinegar
Dressings & Vinegars,sweet chilli sauce
Dressings & Vinegars,white balsamic vinegar
Dressings & Vinegars,champagne vinegar
Dressings & Vinegars,vinaigrette dressing
Dressings & Vinegars,balsamic vinaigrette
Dressings & Vinegars,blue cheese dressing
Dressings & Vinegars,thousand island
Dressings & Vinegars,malt vinegar
Dressings & Vinegars,caesar dressing
Dressings & Vinegars,black vinegar
Dressings & Vinegars,canola mayonnaise
Dressings & Vinegars,japanese mayonnaise
Dressings & Vinegars,raspberry vinegar
Dressings & Vinegars,tarragon vinegar
Dressings & Vinegars,sesame dressing
Dressings & Vinegars,greek vinaigrette
Dressings & Vinegars,aioli sauce
Dressings & Vinegars,french dressing
Dressings & Vinegars,poppyseed dressing
Dressings & Vinegars,balsamic dressing
Dressings & Vinegars,catalina dressing
Dressings & Vinegars,verjuice
Dressings & Vinegars,honey mustard dressing
Dressings & Vinegars,raspberry vinaigrette
Dressings & Vinegars,chipotle mayonnaise
Dressings & Vinegars,cane vinegar
Dressings & Vinegars,red wine vinaigrette
Dressings & Vinegars,russian dressing
Dressings & Vinegars,avocado oil mayonnaise
Dressings & Vinegars,spicy mayo
Dressings & Vinegars,champagne vinaigrette
Dressings & Vinegars,garlic mayonnaise
Dressings & Vinegars,sun-dried tomato vinaigrette
Dressings & Vinegars,brown rice vinegar
Dressings & Vinegars,buttermilk ranch dressing
Dressings & Vinegars,coconut vinegar
Dressings & Vinegars,cilantro dressing
Dressings & Vinegars,creamy dressing
Dressings & Vinegars,miso dressing
Dressings & Vinegars,onion salad dressing
Dressings & Vinegars,green goddess dressing
Dressings & Vinegars,moscatel vinegar
Dressings & Vinegars,honey vinegar
Dressings & Vinegars,vinegar powder
Dressings & Vinegars,caramelised onion dressing
Dressings & Vinegars,chili-lime dressing
Dressings & Vinegars,spicy peanut dressing
Dressings & Vinegars,sugarcane vinegar
Dressings & Vinegars,spicy vinegar
Condiments,soy sauce
Condiments,dijon mustard
Condiments,worcestershire
Condiments,hot sauce
Condiments,ketchup
Condiments,mustard
Condiments,fish sauce
Condiments,bbq sauce
Condiments,sriracha
Condiments,applesauce
Condiments,wholegrain mustard
Condiments,oyster sauce
Condiments,tamari
Condiments,ginger-garlic paste
Condiments,chili sauce
Condiments,brown mustard
Condiments,teriyaki sauce
Condiments,prepared horseradish
Condiments,ginger paste
Condiments,buffalo sauce
Condiments,dark soy sauce
Condiments,chili paste
Condiments,coconut aminos
Condiments,harissa
Condiments,chili-garlic sauce
Condiments,cranberry sauce
Condiments,tamarind paste
Condiments,pomegranate molasses
Condiments,wasabi
Condiments,gochujang
Condiments,honey mustard
Condiments,mango chutney
Condiments,english mustard
Condiments,preserved lemon
Condiments,sambal oelek
Condiments,kecap manis
Condiments,chutney
Condiments,picante sauce
Condiments,shrimp paste
Condiments,thai sweet chili sauce
Condiments,sweet and sour sauce
Condiments,liquid aminos
Condiments,tartar sauce
Condiments,green chutney
Condiments,bonito flakes
Condiments,ponzu
Condiments,green chilli sauce
Condiments,peri peri
Condiments,crispy onions
Condiments,sambal
Condiments,red pepper jelly
Condiments,green chilli paste
Condiments,mint jelly
Condiments,jalapeno jelly
Condiments,thai chili paste
Condiments,mustard paste
Condiments,horseradish mustard
Condiments,aji amarillo
Condiments,pepper paste
Condiments,yuzu juice
Condiments,tonkatsu sauce
Condiments,hot pepper jelly
Condiments,tamarind chutney
Condiments,onion marmalade
Condiments,chermoula
Condiments,hp sauce
Condiments,chili jam
Condiments,duck sauce
Condiments,ginger chili paste
Condiments,korean bbq sauce
Condiments,doubanjiang
Condiments,lime pickle
Condiments,bacon jam
Condiments,chinese mustard
Condiments,chamoy
Condiments,doenjang
Condiments,giardiniera
Condiments,ume plum vinegar
Condiments,karashi
Condiments,chili crisp
Condiments,maggi sauce
Condiments,mushroom soy sauce
Condiments,taucheo
Condiments,yuzu kosho
Condiments,german mustard
Condiments,ajvar
Condiments,hot bean paste
Condiments,shrimp sauce
Condiments,remoulade
Condiments,salsa lizano
Condiments,white bbq sauce
Condiments,eel sauce
Condiments,pickapeppa sauce
Condiments,sweet soybean paste
Condiments,banana ketchup
Condiments,grape must
Condiments,shrimp powder
Condiments,beer mustard
Condiments,guk ganjang
Condiments,yakisoba sauce
Canned Food,canned tomato
Canned Food,capers
Canned Food,green olives
Canned Food,canned chickpea
Canned Food,black olives
Canned Food,canned black beans
Canned Food,canned pumpkin
Canned Food,kalamata olives
Canned Food,pickle
Canned Food,canned tuna
Canned Food,canned anchovy
Canned Food,canned pineapple
Canned Food,chipotle in adobo
Canned Food,canned corn
Canned Food,canned cannellini beans
Canned Food,refried beans
Canned Food,canned kidney beans
Canned Food,canned whole tomato
Canned Food,sauerkraut
Canned Food,creamed corn
Canned Food,corned beef
Canned Food,sweet pickle relish
Canned Food,canned beans
Canned Food,pickled jalapenos
Canned Food,diced green chiles
Canned Food,sun-dried tomatoes in oil
Canned Food,chili beans
Canned Food,kimchi
Canned Food,bamboo shoot
Canned Food,baked beans
Canned Food,canned mushroom
Canned Food,canned salmon
Canned Food,pickling juice
Canned Food,canned peaches
Canned Food,pickled ginger
Canned Food,canned green beans
Canned Food,spam
Canned Food,pickled onions
Canned Food,canned lentils
Canned Food,fruit cocktail
Canned Food,canned peas
Canned Food,canned cherry tomato
Canned Food,pimiento-stuffed green olives
Canned Food,pickled red onion
Canned Food,canned pork
Canned Food,pickled beets
Canned Food,jarred roasted red bell pepper
Canned Food,bread & butter pickles
Canned Food,canned pear
Canned Food,peppadew pepper
Canned Food,onion paste
Canned Food,pickled vegetables
Canned Food,dill relish
Canned Food,canned baby corn
Canned Food,canned lychee
Canned Food,mexican-style corn
Canned Food,pork and beans
Canned Food,ranch-style beans
Canned Food,banana pepper rings
Canned Food,pickled pepper
Canned Food,tomato relish
Canned Food,taggiasca olives
Canned Food,canned sardines
Canned Food,canned carrot
Canned Food,corn relish
Canned Food,fire-roasted green chiles
Canned Food,pickled hot pepper
Canned Food,pickled cherry peppers
Canned Food,red pepper relish
Canned Food,candied jalapenos
Canned Food,canned potato
Canned Food,okra pickles
Canned Food,piccalilli
Canned Food,pickled radish
Canned Food,tomato confit
Canned Food,pickled green beans
Canned Food,canned four-bean mix
Canned Food,half-sour pickle
Canned Food,myoga
Canned Food,sardines in tomato sauce
Canned Food,umeboshi
Canned Food,pickled sport peppers
Canned Food,fermented pickle
Canned Food,mackerel in tomato sauce
Canned Food,mango pickles
Canned Food,tuna spread
Canned Food,zha cai
Canned Food,pickled garlic
Canned Food,szechuan preserved vegetable
Canned Food,pickled asparagus
Canned Food,pickled daikon
"Sauces, Spreads & Dips",peanut butter
"Sauces, Spreads & Dips",tomato paste
"Sauces, Spreads & Dips",tomato sauce
"Sauces, Spreads & Dips",salsa
"Sauces, Spreads & Dips",tahini
"Sauces, Spreads & Dips",pesto
"Sauces, Spreads & Dips",marinara sauce
"Sauces, Spreads & Dips",pasta sauce
"Sauces, Spreads & Dips",hoisin sauce
"Sauces, Spreads & Dips",tomatoes with green chiles
"Sauces, Spreads & Dips",pico de gallo
"Sauces, Spreads & Dips",stewed tomatoes
"Sauces, Spreads & Dips",hummus
"Sauces, Spreads & Dips",guacamole
"Sauces, Spreads & Dips",enchilada sauce
"Sauces, Spreads & Dips",fire-roasted tomato
"Sauces, Spreads & Dips",salsa verde
"Sauces, Spreads & Dips",alfredo sauce
"Sauces, Spreads & Dips",balsamic glaze
"Sauces, Spreads & Dips",anchovy paste
"Sauces, Spreads & Dips",red enchilada sauce
"Sauces, Spreads & Dips",chunky peanut butter
"Sauces, Spreads & Dips",steak sauce
"Sauces, Spreads & Dips",tzatziki
"Sauces, Spreads & Dips",taco sauce
"Sauces, Spreads & Dips",beef gravy
"Sauces, Spreads & Dips",béchamel sauce
"Sauces, Spreads & Dips",horseradish sauce
"Sauces, Spreads & Dips",sun-dried tomato pesto
"Sauces, Spreads & Dips",plum sauce
"Sauces, Spreads & Dips",garlic butter
"Sauces, Spreads & Dips",hollandaise sauce
"Sauces, Spreads & Dips",black bean sauce
"Sauces, Spreads & Dips",cocktail sauce
"Sauces, Spreads & Dips",cheese dip
"Sauces, Spreads & Dips",tapenade
"Sauces, Spreads & Dips",stir-fry sauce
"Sauces, Spreads & Dips",turkey gravy
"Sauces, Spreads & Dips",thai peanut sauce
"Sauces, Spreads & Dips",chicken gravy
"Sauces, Spreads & Dips",sloppy joe sauce
"Sauces, Spreads & Dips",mustard sauce
"Sauces, Spreads & Dips",pimento cheese spread
"Sauces, Spreads & Dips",sofrito
"Sauces, Spreads & Dips",sun-dried tomato paste
"Sauces, Spreads & Dips",demi-glace
"Sauces, Spreads & Dips",queso dip
"Sauces, Spreads & Dips",chimichurri sauce
"Sauces, Spreads & Dips",french onion dip
"Sauces, Spreads & Dips",bolognese sauce
"Sauces, Spreads & Dips",curry sauce
"Sauces, Spreads & Dips",liver spread
"Sauces, Spreads & Dips",mushroom gravy
"Sauces, Spreads & Dips",schezwan sauce
"Sauces, Spreads & Dips",browning sauce
"Sauces, Spreads & Dips",pork gravy
"Sauces, Spreads & Dips",orange sauce
"Sauces, Spreads & Dips",country gravy
"Sauces, Spreads & Dips",pineapple salsa
"Sauces, Spreads & Dips",artichoke dip
"Sauces, Spreads & Dips",mango salsa
"Sauces, Spreads & Dips",olive paste
"Sauces, Spreads & Dips",spinach dip
"Sauces, Spreads & Dips",japanese curry
"Sauces, Spreads & Dips",tikka masala sauce
"Sauces, Spreads & Dips",vodka sauce
"Sauces, Spreads & Dips",mole paste
"Sauces, Spreads & Dips",sesame sauce
"Sauces, Spreads & Dips",onion gravy
"Sauces, Spreads & Dips",sausage gravy
"Sauces, Spreads & Dips",kung pao sauce
"Sauces, Spreads & Dips",whipped cream cheese spread
"Sauces, Spreads & Dips",cheese spread
"Sauces, Spreads & Dips",garlic spread
"Sauces, Spreads & Dips",deviled ham spread
"Sauces, Spreads & Dips",pad thai sauce
"Sauces, Spreads & Dips",black pepper sauce
"Sauces, Spreads & Dips",char siu sauce
"Sauces, Spreads & Dips",green olive tapenade
"Sauces, Spreads & Dips",black truffle butter
"Sauces, Spreads & Dips",butter chicken sauce
"Sauces, Spreads & Dips",garlic pasta sauce
"Sauces, Spreads & Dips",mentsuyu
"Sauces, Spreads & Dips",schezwan chutney
"Sauces, Spreads & Dips",black bean and corn salsa
"Sauces, Spreads & Dips",tarama
"Sauces, Spreads & Dips",thai red curry sauce
"Sauces, Spreads & Dips",white pizza sauce
"Sauces, Spreads & Dips",ssamjang
"Sauces, Spreads & Dips",tomato tapenade
"Sauces, Spreads & Dips",yum yum sauce
"Sauces, Spreads & Dips",mole sauce
"Sauces, Spreads & Dips",nuoc cham
"Sauces, Spreads & Dips",peach salsa
"Sauces, Spreads & Dips",white clam sauce
"Sauces, Spreads & Dips",xo sauce
"Sauces, Spreads & Dips",bean dip
"Sauces, Spreads & Dips",eggplant dip
"Sauces, Spreads & Dips",salsa macha
"Sauces, Spreads & Dips",béarnaise sauce
"Soups, Stews & Stocks",chicken broth
"Soups, Stews & Stocks",vegetable broth
"Soups, Stews & Stocks",chicken stock
"Soups, Stews & Stocks",beef broth
"Soups, Stews & Stocks",beef stock
"Soups, Stews & Stocks",cream of mushroom
"Soups, Stews & Stocks",cream of chicken
"Soups, Stews & Stocks",bouillon cube
"Soups, Stews & Stocks",onion soup mix
"Soups, Stews & Stocks",tomato soup
"Soups, Stews & Stocks",fish stock
"Soups, Stews & Stocks",cream of celery
"Soups, Stews & Stocks",better than bouillon
"Soups, Stews & Stocks",clam juice
"Soups, Stews & Stocks",bone broth
"Soups, Stews & Stocks",cheese soup
"Soups, Stews & Stocks",dashi
"Soups, Stews & Stocks",onion soup
"Soups, Stews & Stocks",chicken soup
"Soups, Stews & Stocks",veal stock
"Soups, Stews & Stocks",chicken bone broth
"Soups, Stews & Stocks",turkey stock
"Soups, Stews & Stocks",lamb stock
"Soups, Stews & Stocks",turkey broth
"Soups, Stews & Stocks",beef consommé
"Soups, Stews & Stocks",chili without beans
"Soups, Stews & Stocks",stock paste
"Soups, Stews & Stocks",cream of potato
"Soups, Stews & Stocks",golden mushroom soup
"Soups, Stews & Stocks",seafood stock
"Soups, Stews & Stocks",mushroom broth
"Soups, Stews & Stocks",vegetable soup
"Soups, Stews & Stocks",vegetable soup mix
"Soups, Stews & Stocks",chicken noodle soup
"Soups, Stews & Stocks",chicken consommé
"Soups, Stews & Stocks",shrimp stock
"Soups, Stews & Stocks",nacho cheese soup
"Soups, Stews & Stocks",ramen noodle soup
"Soups, Stews & Stocks",cream of broccoli
"Soups, Stews & Stocks",pork stock
"Soups, Stews & Stocks",lobster stock
"Soups, Stews & Stocks",chicken rice soup
"Soups, Stews & Stocks",chicken stock paste
"Soups, Stews & Stocks",butternut squash soup
"Soups, Stews & Stocks",miso soup
"Soups, Stews & Stocks",duck stock
"Soups, Stews & Stocks",broccoli-cheese soup
"Soups, Stews & Stocks",clam chowder
"Soups, Stews & Stocks",clam broth
"Soups, Stews & Stocks",vegan chicken broth
"Soups, Stews & Stocks",cream of asparagus
"Soups, Stews & Stocks",ham stock
"Soups, Stews & Stocks",pork broth
"Soups, Stews & Stocks",beefy mushroom soup
"Soups, Stews & Stocks",bean soup mix
"Soups, Stews & Stocks",cream of shrimp soup
"Soups, Stews & Stocks",lentil soup
"Soups, Stews & Stocks",veal broth
"Soups, Stews & Stocks",vegetable beef soup
"Soups, Stews & Stocks",cream of bacon
"Soups, Stews & Stocks",lobster bisque
"Soups, Stews & Stocks",bean with bacon soup
"Soups, Stews & Stocks",condensed chicken gumbo soup
"Soups, Stews & Stocks",turkey bone broth
"Soups, Stews & Stocks",bovril
"Soups, Stews & Stocks",lamb broth
"Soups, Stews & Stocks",minestrone
"Soups, Stews & Stocks",thai chicken broth
"Soups, Stews & Stocks",tomato bisque
"Soups, Stews & Stocks",venison stock
"Soups, Stews & Stocks",beef stock paste
"Soups, Stews & Stocks",green pea soup
"Soups, Stews & Stocks",pork & beans
"Soups, Stews & Stocks",sun-dried tomato bisque mix
"Soups, Stews & Stocks",callaloo
"Soups, Stews & Stocks",ham-flavored concentrate
"Soups, Stews & Stocks",oxtail soup
"Soups, Stews & Stocks",potato soup mix
"Soups, Stews & Stocks",pho broth
"Soups, Stews & Stocks",split pea soup
"Soups, Stews & Stocks",tortilla soup base
"Soups, Stews & Stocks",cream of cauliflower
"Soups, Stews & Stocks",dashida
Desserts & Sweet Snacks,cocoa
Desserts & Sweet Snacks,dark chocolate
Desserts & Sweet Snacks,chocolate
Desserts & Sweet Snacks,graham cracker
Desserts & Sweet Snacks,baking chocolate
Desserts & Sweet Snacks,marshmallow
Desserts & Sweet Snacks,white chocolate
Desserts & Sweet Snacks,oreo
Desserts & Sweet Snacks,chocolate hazelnut spread
Desserts & Sweet Snacks,dutch-process cocoa
Desserts & Sweet Snacks,instant pudding
Desserts & Sweet Snacks,cacao
Desserts & Sweet Snacks,chocolate candy
Desserts & Sweet Snacks,raspberry jam
Desserts & Sweet Snacks,apricot jam
Desserts & Sweet Snacks,caramel sauce
Desserts & Sweet Snacks,strawberry jam
Desserts & Sweet Snacks,biscuits
Desserts & Sweet Snacks,candy coating
Desserts & Sweet Snacks,marshmallow creme
Desserts & Sweet Snacks,candy
Desserts & Sweet Snacks,jam
Desserts & Sweet Snacks,orange marmalade
Desserts & Sweet Snacks,wafer
Desserts & Sweet Snacks,cookies
Desserts & Sweet Snacks,chocolate pudding
Desserts & Sweet Snacks,peanut butter cups
Desserts & Sweet Snacks,candy cane
Desserts & Sweet Snacks,dark cocoa
Desserts & Sweet Snacks,cacao nibs
Desserts & Sweet Snacks,ginger snaps
Desserts & Sweet Snacks,lady fingers
Desserts & Sweet Snacks,fudge
Desserts & Sweet Snacks,chocolate chip cookies
Desserts & Sweet Snacks,digestive biscuits
Desserts & Sweet Snacks,chocolate cookies
Desserts & Sweet Snacks,apple butter
Desserts & Sweet Snacks,peppermint candy
Desserts & Sweet Snacks,dark chocolate cocoa powder
Desserts & Sweet Snacks,cinnamon roll
Desserts & Sweet Snacks,butter cookies
Desserts & Sweet Snacks,candied cherry
Desserts & Sweet Snacks,caramel candies
Desserts & Sweet Snacks,currant jelly
Desserts & Sweet Snacks,vanilla pudding
Desserts & Sweet Snacks,candied ginger
Desserts & Sweet Snacks,chocolate wafer
Desserts & Sweet Snacks,peach preserves
Desserts & Sweet Snacks,candied peel
Desserts & Sweet Snacks,cherry jam
Desserts & Sweet Snacks,dark couverture chocolate
Desserts & Sweet Snacks,couverture chocolate
Desserts & Sweet Snacks,grape jelly
Desserts & Sweet Snacks,waffles
Desserts & Sweet Snacks,instant lemon pudding
Desserts & Sweet Snacks,butterscotch
Desserts & Sweet Snacks,fig jam
Desserts & Sweet Snacks,blueberry jam
Desserts & Sweet Snacks,candied fruit
Desserts & Sweet Snacks,cookie butter
Desserts & Sweet Snacks,almond cookies
Desserts & Sweet Snacks,blackberry preserves
Desserts & Sweet Snacks,apple jelly
Desserts & Sweet Snacks,gummies
Desserts & Sweet Snacks,candy corn
Desserts & Sweet Snacks,sugar cookies
Desserts & Sweet Snacks,ice-cream cone
Desserts & Sweet Snacks,strawberry puree
Desserts & Sweet Snacks,marmalade
Desserts & Sweet Snacks,chocolate powder
Desserts & Sweet Snacks,sponge cake
Desserts & Sweet Snacks,chocolate-covered espresso bean
Desserts & Sweet Snacks,licorice
Desserts & Sweet Snacks,pineapple jam
Desserts & Sweet Snacks,egg candies
Desserts & Sweet Snacks,plum jam
Desserts & Sweet Snacks,sorbet
Desserts & Sweet Snacks,white couverture
Desserts & Sweet Snacks,pumpkin butter
Desserts & Sweet Snacks,chocolate peanut butter
Desserts & Sweet Snacks,guava paste
Desserts & Sweet Snacks,cinnamon candy
Desserts & Sweet Snacks,banana pudding
Desserts & Sweet Snacks,doughnut
Desserts & Sweet Snacks,chocolate spread
Desserts & Sweet Snacks,strawberry sauce
Desserts & Sweet Snacks,butterscotch pudding mix
Desserts & Sweet Snacks,chocolate fudge
Desserts & Sweet Snacks,biscotti
Desserts & Sweet Snacks,peppermint patties
Desserts & Sweet Snacks,raspberry sorbet
Desserts & Sweet Snacks,hershey kisses
Desserts & Sweet Snacks,raspberry sauce
Desserts & Sweet Snacks,pistachio pudding
Desserts & Sweet Snacks,pistachio instant pudding
Desserts & Sweet Snacks,cheesecake instant pudding
Desserts & Sweet Snacks,praline
Desserts & Sweet Snacks,cotton candy
Desserts & Sweet Snacks,lemon jelly
Desserts & Sweet Snacks,white chocolate pudding
"Wine, Beer & Spirits",white wine
"Wine, Beer & Spirits",red wine
"Wine, Beer & Spirits",rum
"Wine, Beer & Spirits",vodka
"Wine, Beer & Spirits",beer
"Wine, Beer & Spirits",orange liqueur
"Wine, Beer & Spirits",bourbon
"Wine, Beer & Spirits",cider
"Wine, Beer & Spirits",tequila
"Wine, Beer & Spirits",sherry
"Wine, Beer & Spirits",whisky
"Wine, Beer & Spirits",brandy
"Wine, Beer & Spirits",gin
"Wine, Beer & Spirits",bitters
"Wine, Beer & Spirits",mirin
"Wine, Beer & Spirits",white rum
"Wine, Beer & Spirits",coffee liqueur
"Wine, Beer & Spirits",champagne
"Wine, Beer & Spirits",irish cream
"Wine, Beer & Spirits",vermouth
"Wine, Beer & Spirits",amaretto
"Wine, Beer & Spirits",marsala wine
"Wine, Beer & Spirits",cognac
"Wine, Beer & Spirits",sake
"Wine, Beer & Spirits",sparkling wine
"Wine, Beer & Spirits",rice wine
"Wine, Beer & Spirits",shaoxing wine
"Wine, Beer & Spirits",dry vermouth
"Wine, Beer & Spirits",liqueur
"Wine, Beer & Spirits",coconut rum
"Wine, Beer & Spirits",dessert wine
"Wine, Beer & Spirits",curacao
"Wine, Beer & Spirits",port wine
"Wine, Beer & Spirits",kirsch
"Wine, Beer & Spirits",peach schnapps
"Wine, Beer & Spirits",apple brandy
"Wine, Beer & Spirits",rosé wine
"Wine, Beer & Spirits",anise liqueur
"Wine, Beer & Spirits",cooking wine
"Wine, Beer & Spirits",limoncello
"Wine, Beer & Spirits",elderflower liqueur
"Wine, Beer & Spirits",herbal liqueur
"Wine, Beer & Spirits",hazelnut liqueur
"Wine, Beer & Spirits",peach liqueur
"Wine, Beer & Spirits",melon liqueur
"Wine, Beer & Spirits",madeira wine
"Wine, Beer & Spirits",raspberry liqueur
"Wine, Beer & Spirits",schnapps
"Wine, Beer & Spirits",creme de cacao
"Wine, Beer & Spirits",banana liqueur
"Wine, Beer & Spirits",absinthe
"Wine, Beer & Spirits",aperol
"Wine, Beer & Spirits",white cooking wine
"Wine, Beer & Spirits",creme de menthe
"Wine, Beer & Spirits",apricot brandy
"Wine, Beer & Spirits",cinnamon alcohol
"Wine, Beer & Spirits",cachaça
"Wine, Beer & Spirits",elderflower cordial
"Wine, Beer & Spirits",chocolate liqueur
"Wine, Beer & Spirits",ginger liqueur
"Wine, Beer & Spirits",sloe gin
"Wine, Beer & Spirits",maraschino
"Wine, Beer & Spirits",creme de cassis
"Wine, Beer & Spirits",cream sherry
"Wine, Beer & Spirits",bloody mary mix
"Wine, Beer & Spirits",gold rum
"Wine, Beer & Spirits",sparkling rosé
"Wine, Beer & Spirits",red cooking wine
"Wine, Beer & Spirits",grappa
"Wine, Beer & Spirits",lime cordial
"Wine, Beer & Spirits",mezcal
"Wine, Beer & Spirits",drambuie
"Wine, Beer & Spirits",strawberry liqueur
"Wine, Beer & Spirits",ginger wine
"Wine, Beer & Spirits",white port
"Wine, Beer & Spirits",pumpkin ale
"Wine, Beer & Spirits",bénédictine
"Wine, Beer & Spirits",piña colada mix
"Wine, Beer & Spirits",daiquiri mix
"Wine, Beer & Spirits",coconut liqueur
"Wine, Beer & Spirits",galliano
"Wine, Beer & Spirits",plum wine
"Wine, Beer & Spirits",chocolate bitters
"Wine, Beer & Spirits",rumchata liqueur
"Wine, Beer & Spirits",sangria
"Wine, Beer & Spirits",grapefruit bitters
"Wine, Beer & Spirits",vanilla liqueur
"Wine, Beer & Spirits",white chocolate liqueur
"Wine, Beer & Spirits",rhum agricole
"Wine, Beer & Spirits",apple liqueur
"Wine, Beer & Spirits",moonshine
"Wine, Beer & Spirits",cherry vodka
"Wine, Beer & Spirits",bergamot liqueur
"Wine, Beer & Spirits",soju
"Wine, Beer & Spirits",violette liqueur
"Wine, Beer & Spirits",armagnac
"Wine, Beer & Spirits",root beer schnapps
"Wine, Beer & Spirits",lime vodka
"Wine, Beer & Spirits",pear liqueur
"Wine, Beer & Spirits",pisang ambon
Beverages,orange juice
Beverages,coffee
Beverages,club soda
Beverages,espresso
Beverages,pineapple juice
Beverages,apple juice
Beverages,tea
Beverages,cranberry juice
Beverages,tomato juice
Beverages,coconut water
Beverages,pomegranate juice
Beverages,grapefruit juice
Beverages,lemonade
Beverages,coke
Beverages,eggnog
Beverages,ginger ale
Beverages,ginger beer
Beverages,lemon lime soda
Beverages,cream of coconut
Beverages,sprite
Beverages,green tea
Beverages,lemonade concentrate
Beverages,chai tea
Beverages,root beer
Beverages,drinking chocolate
Beverages,tonic water
Beverages,malted milk powder
Beverages,mango juice
Beverages,sour mix
Beverages,tea leaves
Beverages,grape juice
Beverages,carrot juice
Beverages,cherry juice
Beverages,limeade concentrate
Beverages,dr pepper
Beverages,white grape juice
Beverages,watermelon juice
Beverages,passion-fruit juice
Beverages,apricot juice
Beverages,iced tea
Beverages,tangerine juice
Beverages,fruit juice
Beverages,kombucha
Beverages,peach juice
Beverages,beet juice
Beverages,orange soda
Beverages,kool aid
Beverages,margarita mix
Beverages,tamarind juice
Beverages,pear juice
Beverages,chamomile tea
Beverages,tamarind water
Beverages,cream soda
Beverages,energy drink
Beverages,mountain dew
Beverages,rooibos tea
Beverages,grapefruit soda
Beverages,jasmine tea
Beverages,guava juice
Beverages,raspberry juice
Beverages,clamato
Beverages,iced coffee concentrate
Beverages,green tea leaves
Beverages,strawberry juice
Beverages,rose syrup
Beverages,blueberry juice
Beverages,v8 juice
Beverages,lemonade mix
Beverages,thai tea
Beverages,aloe vera juice
Beverages,butterfly pea flower
Beverages,white tea
Beverages,juice blend
Beverages,prune juice
Beverages,passion tea
Beverages,sparkling cider
Beverages,berry juice
Beverages,lapsang souchong
Beverages,blackcurrant juice
Beverages,strawberry soda
Beverages,herbal tea
Beverages,sugar cane juice
Beverages,banana juice
Beverages,decaf coffee
Beverages,pumpkin spice coffee
Beverages,pepsi
Beverages,sports drink
Beverages,lime soda
Beverages,peppermint tea
Beverages,lemon crystals
Beverages,acai berry juice
Beverages,chicory coffee
Beverages,kiwi juice
Beverages,apple tea
Beverages,golden milk powder
Beverages,horchata
Beverages,pineapple soda
Beverages,grape soda
Beverages,raspberry tea
Beverages,strawberry milkshake powder
Supplements & Extracts,almond extract
Supplements & Extracts,food coloring
Supplements & Extracts,nutritional yeast
Supplements & Extracts,peppermint extract
Supplements & Extracts,protein powder
Supplements & Extracts,lemon extract
Supplements & Extracts,coconut extract
Supplements & Extracts,rose water
Supplements & Extracts,orange extract
Supplements & Extracts,liquid egg white
Supplements & Extracts,rum extract
Supplements & Extracts,maple extract
Supplements & Extracts,collagen
Supplements & Extracts,chocolate protein powder
Supplements & Extracts,orange blossom water
Supplements & Extracts,peanut butter powder
Supplements & Extracts,essence
Supplements & Extracts,vegan protein powder
Supplements & Extracts,maca powder
Supplements & Extracts,spirulina
Supplements & Extracts,coffee extract
Supplements & Extracts,brewer's yeast
Supplements & Extracts,strawberry extract
Supplements & Extracts,butter extract
Supplements & Extracts,chocolate extract
Supplements & Extracts,bee pollen
Supplements & Extracts,raspberry extract
Supplements & Extracts,anise extract
Supplements & Extracts,banana extract
Supplements & Extracts,lavender oil
Supplements & Extracts,cannabis
Supplements & Extracts,essential oil
Supplements & Extracts,vitamin c
Supplements & Extracts,chicken essence
Supplements & Extracts,egg white powder
Supplements & Extracts,caramel extract
Supplements & Extracts,root beer extract
Supplements & Extracts,acai powder
Supplements & Extracts,cannabutter
Supplements & Extracts,ube flavoring
Supplements & Extracts,glucomannan
Supplements & Extracts,tamarind extract
Supplements & Extracts,freeze-dried strawberry powder
Supplements & Extracts,cherry extract
Supplements & Extracts,butterscotch flavor
Supplements & Extracts,kewra water
Supplements & Extracts,chocolate collagen
Supplements & Extracts,raspberry powder
Supplements & Extracts,cannabis milk
Supplements & Extracts,malt extract
Supplements & Extracts,cinnamon extract
Supplements & Extracts,kombucha starter
Supplements & Extracts,pandan extract
Supplements & Extracts,camu powder
Supplements & Extracts,pineapple extract
Supplements & Extracts,soy lecithin
Supplements & Extracts,wheatgrass powder
Supplements & Extracts,ashwagandha
Supplements & Extracts,chlorella
Supplements & Extracts,probiotics
Supplements & Extracts,cbd
Supplements & Extracts,fish oil
Supplements & Extracts,lime essential oil
Supplements & Extracts,egg powder
Supplements & Extracts,magnesium
Supplements & Extracts,wine yeast
Supplements & Extracts,barley grass
Supplements & Extracts,greens powder
Supplements & Extracts,reishi mushroom
Supplements & Extracts,rice protein powder
Supplements & Extracts,tea-tree oil
Supplements & Extracts,vitamin d
Supplements & Extracts,calcium lactate
Supplements & Extracts,creatine
Supplements & Extracts,mango extract
Supplements & Extracts,berry powder
Supplements & Extracts,vitamin e
Supplements & Extracts,corn extract
Supplements & Extracts,daily vitamins
Supplements & Extracts,maltodextrin
Supplements & Extracts,moringa powder
Supplements & Extracts,pure lime extract
Supplements & Extracts,sodium alginate
Supplements & Extracts,thc
Supplements & Extracts,rose oil
Supplements & Extracts,banana powder
Supplements & Extracts,chaga mushroom powder
Supplements & Extracts,cranberry powder
Supplements & Extracts,goji berry powder
Supplements & Extracts,pista essence
Supplements & Extracts,sunflower lecithin
Supplements & Extracts,bubblegum essence
Supplements & Extracts,cake batter extract
Supplements & Extracts,champagne yeast
Supplements & Extracts,cod liver oil
Supplements & Extracts,fiber powder
Supplements & Extracts,spinach powder
Supplements & Extracts,ale yeast
Supplements & Extracts,bergamot oil
Supplements & Extracts,bitartrate powder
